month,lease_id,property_id,scheduled_rent,billed_rent,collected_rent
2025-05,L-102,P001,36774,36774,36774
2025-06,L-102,P001,36774,36774,36774
2025-07,L-102,P001,36774,36774,36774
2025-08,L-102,P001,36774,36774,36774
2025-09,L-102,P001,36774,36774,36774
2025-10,L-102,P001,36774,36774,36774
2025-11,L-102,P001,36774,36774,36774
2025-12,L-102,P001,36774,36774,36774
2026-01,L-102,P001,36774,36774,36774
2026-02,L-102,P001,36774,36774,36774
2026-03,L-102,P001,38245,38245,38245
2026-04,L-102,P001,38245,38245,38245
2025-10,L-101,P001,33746,33746,33746
2025-11,L-101,P001,33746,33746,33746
2025-12,L-101,P001,33746,33746,33746
2026-01,L-101,P001,33746,33746,33746
2026-02,L-101,P001,33746,33746,33746
2026-03,L-101,P001,33746,33746,33746
2026-04,L-101,P001,33746,33746,33746
2025-05,L-102,P001,58290,58290,58290
2025-06,L-102,P001,58290,58290,58290
2025-07,L-102,P001,58290,58290,58290
2025-08,L-102,P001,58290,58290,58290
2025-09,L-102,P001,58290,58290,58290
2025-10,L-102,P001,58290,58290,58290
2025-11,L-102,P001,58290,58290,58290
2025-12,L-102,P001,58290,58290,58290
2026-01,L-102,P001,58290,58290,58290
2026-02,L-102,P001,58290,58290,58290
2026-03,L-102,P001,60330,60330,60330
2026-04,L-102,P001,60330,60330,60330
2025-05,L-103,P001,38651,38651,38651
2025-06,L-103,P001,38651,38651,38651
2025-07,L-103,P001,38651,38651,38651
2025-08,L-103,P001,38651,38651,38651
2025-09,L-103,P001,38651,38651,38651
2025-10,L-103,P001,38651,38651,38651
2025-11,L-103,P001,38651,38651,38651
2025-12,L-103,P001,38651,38651,38651
2026-01,L-103,P001,40197,40197,40197
2026-02,L-103,P001,40197,40197,40197
2026-03,L-103,P001,40197,40197,40197
2026-04,L-103,P001,40197,40197,40197
2025-05,L-104,P001,43608,43608,43608
2025-06,L-104,P001,43608,43608,43608
2025-07,L-104,P001,43608,43608,43608
2025-08,L-104,P001,43608,43608,43608
2025-09,L-104,P001,43608,43608,43608
2025-10,L-104,P001,44916,44916,44916
2025-11,L-104,P001,44916,44916,44916
2025-12,L-104,P001,44916,44916,44916
2026-01,L-104,P001,44916,44916,44916
2026-02,L-104,P001,44916,44916,44916
2026-03,L-104,P001,44916,44916,44916
2026-04,L-104,P001,44916,44916,44916
2025-05,L-105,P001,64970,64970,64970
2025-06,L-105,P001,64970,64970,64970
2025-07,L-105,P001,64970,64970,64970
2025-08,L-105,P001,66919,66919,66919
2025-09,L-105,P001,66919,66919,66919
2025-10,L-105,P001,66919,66919,66919
2025-11,L-105,P001,66919,66919,66919
2025-12,L-105,P001,66919,66919,66919
2026-01,L-105,P001,66919,66919,66919
2026-02,L-105,P001,66919,66919,66919
2026-03,L-105,P001,66919,66919,66919
2026-04,L-105,P001,66919,66919,66919
2025-07,L-106,P001,65115,65115,65115
2025-08,L-106,P001,65115,65115,65115
2025-09,L-106,P001,65115,65115,65115
2025-10,L-106,P001,65115,65115,65115
2025-11,L-106,P001,65115,65115,65115
2025-12,L-106,P001,65115,65115,65115
2026-01,L-106,P001,65115,65115,65115
2026-02,L-106,P001,65115,65115,65115
2026-03,L-106,P001,65115,65115,65115
2026-04,L-106,P001,65115,65115,65115
2025-05,L-107,P001,56166,56166,56166
2025-06,L-107,P001,56166,56166,56166
2025-07,L-107,P001,56166,56166,56166
2025-08,L-107,P001,56166,56166,56166
2025-09,L-107,P001,56166,56166,56166
2025-10,L-107,P001,56166,56166,56166
2025-11,L-107,P001,56166,56166,56166
2025-12,L-107,P001,56166,56166,56166
2026-01,L-107,P001,56166,56166,56166
2026-02,L-107,P001,56166,56166,56166
2026-03,L-107,P001,57570,57570,57570
2026-04,L-107,P001,57570,57570,57570
2025-05,L-108,P001,36234,36234,36234
2025-06,L-108,P001,36234,36234,36234
2025-07,L-108,P001,36234,36234,36234
2025-08,L-108,P001,36234,36234,36234
2025-09,L-108,P001,36234,36234,36234
2025-10,L-108,P001,36234,36234,36234
2025-11,L-108,P001,36234,36234,36234
2025-12,L-108,P001,36234,36234,36234
2026-01,L-108,P001,36234,36234,36234
2026-02,L-108,P001,36234,36234,36234
2026-03,L-108,P001,36234,36234,36234
2026-04,L-108,P001,36234,36234,36234
2025-05,L-109,P001,32493,32493,32493
2025-06,L-109,P001,32493,32493,32493
2025-07,L-109,P001,32493,32493,32493
2025-08,L-109,P001,32493,32493,32493
2025-09,L-109,P001,32493,32493,32493
2025-10,L-109,P001,32493,32493,32493
2025-11,L-109,P001,33468,33468,33468
2025-12,L-109,P001,33468,33468,33468
2026-01,L-109,P001,33468,33468,33468
2026-02,L-109,P001,33468,33468,33468
2026-03,L-109,P001,33468,33468,33468
2026-04,L-109,P001,33468,33468,33468
2025-05,L-110,P002,27199,27199,27199
2025-06,L-110,P002,27199,27199,27199
2025-07,L-110,P002,27199,27199,27199
2025-08,L-110,P002,27199,27199,27199
2025-09,L-110,P002,27199,27199,27199
2025-10,L-110,P002,27199,27199,27199
2025-11,L-110,P002,27199,27199,27199
2025-12,L-110,P002,27199,27199,27199
2026-01,L-110,P002,27199,27199,27199
2026-02,L-110,P002,27199,27199,27199
2026-03,L-110,P002,27879,27879,27879
2026-04,L-110,P002,27879,27879,27879
2025-05,L-111,P002,17920,17920,17920
2025-06,L-111,P002,17920,17920,17920
2025-07,L-111,P002,17920,17920,17920
2025-08,L-111,P002,18547,18547,18547
2025-09,L-111,P002,18547,18547,18547
2025-10,L-111,P002,18547,18547,18547
2025-11,L-111,P002,18547,18547,18547
2025-12,L-111,P002,18547,18547,18547
2026-01,L-111,P002,18547,18547,18547
2026-02,L-111,P002,18547,18547,18547
2026-03,L-111,P002,18547,18547,18547
2026-04,L-111,P002,18547,18547,18547
2025-05,L-112,P002,18610,18610,18610
2025-06,L-112,P002,19261,19261,19261
2025-07,L-112,P002,19261,19261,19261
2025-08,L-112,P002,19261,19261,19261
2025-09,L-112,P002,19261,19261,19261
2025-10,L-112,P002,19261,19261,19261
2025-11,L-112,P002,19261,19261,19261
2025-12,L-112,P002,19261,19261,19261
2026-01,L-112,P002,19261,19261,19261
2026-02,L-112,P002,19261,19261,19261
2026-03,L-112,P002,19261,19261,19261
2026-04,L-112,P002,19261,19261,19261
2025-05,L-113,P002,16898,16898,16898
2025-06,L-113,P002,16898,16898,16898
2025-07,L-113,P002,16898,16898,16898
2025-08,L-113,P002,16898,16898,16898
2025-09,L-113,P002,16898,16898,16898
2025-10,L-113,P002,16898,16898,16898
2025-11,L-113,P002,16898,16898,16898
2025-12,L-113,P002,17320,17320,17320
2026-01,L-113,P002,17320,17320,17320
2026-02,L-113,P002,17320,17320,17320
2026-03,L-113,P002,17320,17320,17320
2026-04,L-113,P002,17320,17320,17320
2025-05,L-114,P002,14054,14054,14054
2025-06,L-114,P002,14054,14054,14054
2025-07,L-114,P002,14054,14054,14054
2025-08,L-114,P002,14054,14054,14054
2025-09,L-114,P002,14054,14054,14054
2025-10,L-114,P002,14054,14054,14054
2025-11,L-114,P002,14054,14054,14054
2025-12,L-114,P002,14546,14546,14546
2026-01,L-114,P002,14546,14546,14546
2026-02,L-114,P002,14546,14546,14546
2026-03,L-114,P002,14546,14546,14546
2026-04,L-114,P002,14546,14546,14546
2025-05,L-115,P002,24739,24739,24739
2025-06,L-115,P002,24739,24739,24739
2025-07,L-115,P002,24739,24739,24739
2025-08,L-115,P002,24739,24739,24739
2025-09,L-115,P002,24739,24739,24739
2025-10,L-115,P002,24739,24739,24739
2025-11,L-115,P002,24739,24739,24739
2025-12,L-115,P002,24739,24739,24739
2026-01,L-115,P002,24739,24739,24739
2026-02,L-115,P002,24739,24739,24739
2026-03,L-115,P002,24739,24739,24739
2026-04,L-115,P002,25481,25481,25481
2025-05,L-116,P002,26966,26966,26966
2025-06,L-116,P002,26966,26966,26966
2025-07,L-116,P002,26966,26966,26966
2025-08,L-116,P002,26966,26966,26966
2025-09,L-116,P002,26966,26966,26966
2025-10,L-116,P002,26966,26966,26966
2025-11,L-116,P002,26966,26966,26966
2025-12,L-116,P002,26966,26966,26966
2026-01,L-116,P002,26966,26966,26966
2026-02,L-116,P002,26966,26966,26966
2026-03,L-116,P002,26966,26966,26966
2026-04,L-116,P002,27641,27641,27641
2025-05,L-117,P002,18181,18181,18181
2025-06,L-117,P002,18181,18181,18181
2025-07,L-117,P002,18181,18181,18181
2025-08,L-117,P002,18181,18181,18181
2025-09,L-117,P002,18181,18181,18181
2025-10,L-117,P002,18181,18181,18181
2025-11,L-117,P002,18181,18181,18181
2025-12,L-117,P002,18181,18181,18181
2026-01,L-117,P002,18181,18181,18181
2026-02,L-117,P002,18181,18181,18181
2026-03,L-117,P002,18181,18181,18181
2026-04,L-117,P002,18726,18726,18726
2025-05,L-118,P002,24717,24717,24717
2025-06,L-118,P002,25582,25582,25582
2025-07,L-118,P002,25582,25582,25582
2025-08,L-118,P002,25582,25582,25582
2025-09,L-118,P002,25582,25582,25582
2025-10,L-118,P002,25582,25582,25582
2025-11,L-118,P002,25582,25582,25582
2025-12,L-118,P002,25582,25582,25582
2026-01,L-118,P002,25582,25582,25582
2026-02,L-118,P002,25582,25582,25582
2026-03,L-118,P002,25582,25582,25582
2026-04,L-118,P002,25582,25582,25582
2025-06,L-119,P002,24801,24801,24801
2025-07,L-119,P002,24801,24801,24801
2025-08,L-119,P002,24801,24801,24801
2025-09,L-119,P002,24801,24801,24801
2025-10,L-119,P002,24801,24801,24801
2025-11,L-119,P002,24801,24801,24801
2025-12,L-119,P002,24801,24801,24801
2026-01,L-119,P002,24801,24801,24801
2026-02,L-119,P002,24801,24801,24801
2026-03,L-119,P002,24801,24801,24801
2026-04,L-119,P002,24801,24801,24801
2025-09,L-120,P002,13950,13950,13950
2025-10,L-120,P002,13950,13950,13950
2025-11,L-120,P002,13950,13950,13950
2025-12,L-120,P002,13950,13950,13950
2026-01,L-120,P002,13950,13950,13950
2026-02,L-120,P002,13950,13950,13950
2026-03,L-120,P002,13950,13950,13950
2026-04,L-120,P002,13950,13950,13950
2025-05,L-121,P002,14529,14529,14529
2025-06,L-121,P002,14529,14529,14529
2025-07,L-121,P002,14529,14529,14529
2025-08,L-121,P002,14529,14529,14529
2025-09,L-121,P002,14529,14529,14529
2025-10,L-121,P002,14529,14529,14529
2025-11,L-121,P002,14529,14529,14529
2025-12,L-121,P002,14529,14529,14529
2026-01,L-121,P002,14529,14529,14529
2026-02,L-121,P002,14529,14529,14529
2026-03,L-121,P002,14529,14529,14529
2026-04,L-121,P002,14529,14529,14529
2025-05,L-122,P002,22524,22524,22524
2025-06,L-122,P002,22524,22524,22524
2025-07,L-122,P002,23087,23087,23087
2025-08,L-122,P002,23087,23087,23087
2025-09,L-122,P002,23087,23087,23087
2025-10,L-122,P002,23087,23087,23087
2025-11,L-122,P002,23087,23087,23087
2025-12,L-122,P002,23087,23087,23087
2026-01,L-122,P002,23087,23087,23087
2026-02,L-122,P002,23087,23087,23087
2026-03,L-122,P002,23087,23087,23087
2026-04,L-122,P002,23087,23087,23087
2025-05,L-301,P003,46800,46800,46800
2025-06,L-301,P003,46800,46800,46800
2025-07,L-301,P003,46800,46800,46800
2025-08,L-301,P003,46800,46800,46800
2025-09,L-301,P003,46800,46800,46800
2025-10,L-301,P003,46800,46800,46800
2025-11,L-301,P003,46800,46800,46800
2025-12,L-301,P003,46800,46800,46800
2026-01,L-301,P003,48672,46800,46800
2026-02,L-301,P003,48672,46800,46800
2026-03,L-301,P003,48672,46800,46800
2026-04,L-301,P003,48672,46800,46800
2025-05,L-302,P003,33120,33120,33120
2025-06,L-302,P003,33120,33120,33120
2025-07,L-302,P003,33120,33120,33120
2025-08,L-302,P003,33120,33120,33120
2025-09,L-302,P003,33120,33120,33120
2025-10,L-302,P003,33120,33120,33120
2025-11,L-302,P003,33120,33120,33120
2025-12,L-302,P003,33120,33120,33120
2026-01,L-302,P003,34279,33120,33120
2026-02,L-302,P003,34279,33120,33120
2026-03,L-302,P003,34279,33120,33120
2026-04,L-302,P003,34279,33120,33120
2025-05,L-125,P003,34287,34287,34287
2025-06,L-125,P003,34287,34287,34287
2025-07,L-125,P003,34287,34287,34287
2025-08,L-125,P003,34287,34287,34287
2025-09,L-125,P003,34287,34287,34287
2025-10,L-125,P003,34287,34287,34287
2025-11,L-125,P003,34287,34287,34287
2025-12,L-125,P003,34287,34287,34287
2026-01,L-125,P003,34287,34287,34287
2026-02,L-125,P003,34287,34287,34287
2026-03,L-125,P003,34287,34287,34287
2026-04,L-125,P003,34287,34287,34287
2025-05,L-126,P003,32373,32373,32373
2025-06,L-126,P003,32373,32373,32373
2025-07,L-126,P003,32373,32373,32373
2025-08,L-126,P003,32373,32373,32373
2025-09,L-126,P003,33506,33506,33506
2025-10,L-126,P003,33506,33506,33506
2025-11,L-126,P003,33506,33506,33506
2025-12,L-126,P003,33506,33506,33506
2026-01,L-126,P003,33506,33506,33506
2026-02,L-126,P003,33506,33506,33506
2026-03,L-126,P003,33506,33506,33506
2026-04,L-126,P003,33506,33506,33506
2025-05,L-127,P003,49642,49642,49642
2025-06,L-127,P003,49642,49642,49642
2025-07,L-127,P003,49642,49642,49642
2025-08,L-127,P003,49642,49642,49642
2025-09,L-127,P003,51379,51379,51379
2025-10,L-127,P003,51379,51379,51379
2025-11,L-127,P003,51379,51379,51379
2025-12,L-127,P003,51379,51379,51379
2026-01,L-127,P003,51379,51379,51379
2026-02,L-127,P003,51379,51379,51379
2026-03,L-127,P003,51379,51379,51379
2026-04,L-127,P003,51379,51379,51379
2025-05,L-128,P003,42355,42355,42355
2025-06,L-128,P003,42355,42355,42355
2025-07,L-128,P003,42355,42355,42355
2025-08,L-128,P003,42355,42355,42355
2025-09,L-128,P003,42355,42355,42355
2025-10,L-128,P003,42355,42355,42355
2025-11,L-128,P003,42355,42355,42355
2025-12,L-128,P003,43626,43626,43626
2026-01,L-128,P003,43626,43626,43626
2026-02,L-128,P003,43626,43626,43626
2026-03,L-128,P003,43626,43626,43626
2026-04,L-128,P003,43626,43626,43626
2025-06,L-129,P003,38923,38923,38923
2025-07,L-129,P003,38923,38923,38923
2025-08,L-129,P003,38923,38923,38923
2025-09,L-129,P003,38923,38923,38923
2025-10,L-129,P003,38923,38923,38923
2025-11,L-129,P003,38923,38923,38923
2025-12,L-129,P003,38923,38923,38923
2026-01,L-129,P003,38923,38923,38923
2026-02,L-129,P003,38923,38923,38923
2026-03,L-129,P003,38923,38923,38923
2026-04,L-129,P003,38923,38923,38923
2025-05,L-130,P003,40795,40795,40795
2025-06,L-130,P003,40795,40795,40795
2025-07,L-130,P003,40795,40795,40795
2025-08,L-130,P003,40795,40795,40795
2025-09,L-130,P003,40795,40795,40795
2025-10,L-130,P003,41815,41815,41815
2025-11,L-130,P003,41815,41815,41815
2025-12,L-130,P003,41815,41815,41815
2026-01,L-130,P003,41815,41815,41815
2026-02,L-130,P003,41815,41815,41815
2026-03,L-130,P003,41815,41815,41815
2026-04,L-130,P003,41815,41815,41815
2025-05,L-131,P003,32295,32295,32295
2025-06,L-131,P003,32295,32295,32295
2025-07,L-131,P003,32295,32295,32295
2025-08,L-131,P003,32295,32295,32295
2025-09,L-131,P003,32295,32295,32295
2025-10,L-131,P003,32295,32295,32295
2025-11,L-131,P003,32295,32295,32295
2025-12,L-131,P003,32295,32295,32295
2026-01,L-131,P003,32295,32295,32295
2026-02,L-131,P003,32295,32295,32295
2026-03,L-131,P003,32295,32295,32295
2026-04,L-131,P003,33264,33264,33264
2025-05,L-132,P003,19199,19199,19199
2025-06,L-132,P003,19199,19199,19199
2025-07,L-132,P003,19199,19199,19199
2025-08,L-132,P003,19199,19199,19199
2025-09,L-132,P003,19199,19199,19199
2025-10,L-132,P003,19199,19199,19199
2025-11,L-132,P003,19199,19199,19199
2025-12,L-132,P003,19199,19199,19199
2026-01,L-132,P003,19199,19199,19199
2026-02,L-132,P003,19199,19199,19199
2026-03,L-132,P003,19199,19199,19199
2026-04,L-132,P003,19199,19199,19199
2025-05,L-133,P003,25211,25211,25211
2025-06,L-133,P003,25211,25211,25211
2025-07,L-133,P003,25211,25211,25211
2025-08,L-133,P003,25211,25211,25211
2025-09,L-133,P003,25211,25211,25211
2025-10,L-133,P003,25211,25211,25211
2025-11,L-133,P003,26219,26219,26219
2025-12,L-133,P003,26219,26219,26219
2026-01,L-133,P003,26219,26219,26219
2026-02,L-133,P003,26219,26219,26219
2026-03,L-133,P003,26219,26219,26219
2026-04,L-133,P003,26219,26219,26219
2025-05,L-134,P003,25494,25494,25494
2025-06,L-134,P003,25494,25494,25494
2025-07,L-134,P003,25494,25494,25494
2025-08,L-134,P003,25494,25494,25494
2025-09,L-134,P003,25494,25494,25494
2025-10,L-134,P003,25494,25494,25494
2025-11,L-134,P003,25494,25494,25494
2025-12,L-134,P003,25494,25494,25494
2026-01,L-134,P003,25494,25494,25494
2026-02,L-134,P003,26386,26386,26386
2026-03,L-134,P003,26386,26386,26386
2026-04,L-134,P003,26386,26386,26386
2025-06,L-135,P003,32938,32938,32938
2025-07,L-135,P003,32938,32938,32938
2025-08,L-135,P003,32938,32938,32938
2025-09,L-135,P003,32938,32938,32938
2025-10,L-135,P003,32938,32938,32938
2025-11,L-135,P003,32938,32938,32938
2025-12,L-135,P003,32938,32938,32938
2026-01,L-135,P003,32938,32938,32938
2026-02,L-135,P003,32938,32938,32938
2026-03,L-135,P003,32938,32938,32938
2026-04,L-135,P003,32938,32938,32938
2025-09,L-136,P003,25776,25776,25776
2025-10,L-136,P003,25776,25776,25776
2025-11,L-136,P003,25776,25776,25776
2025-12,L-136,P003,25776,25776,25776
2026-01,L-136,P003,25776,25776,25776
2026-02,L-136,P003,25776,25776,25776
2026-03,L-136,P003,25776,25776,25776
2026-04,L-136,P003,25776,25776,25776
2025-05,L-137,P003,32742,32742,32742
2025-06,L-137,P003,32742,32742,32742
2025-07,L-137,P003,32742,32742,32742
2025-08,L-137,P003,32742,32742,32742
2025-09,L-137,P003,33724,33724,33724
2025-10,L-137,P003,33724,33724,33724
2025-11,L-137,P003,33724,33724,33724
2025-12,L-137,P003,33724,33724,33724
2026-01,L-137,P003,33724,33724,33724
2026-02,L-137,P003,33724,33724,33724
2026-03,L-137,P003,33724,33724,33724
2026-04,L-137,P003,33724,33724,33724
2025-05,L-138,P003,19049,19049,19049
2025-06,L-138,P003,19049,19049,19049
2025-07,L-138,P003,19049,19049,19049
2025-08,L-138,P003,19049,19049,19049
2025-09,L-138,P003,19049,19049,19049
2025-10,L-138,P003,19049,19049,19049
2025-11,L-138,P003,19716,19716,19716
2025-12,L-138,P003,19716,19716,19716
2026-01,L-138,P003,19716,19716,19716
2026-02,L-138,P003,19716,19716,19716
2026-03,L-138,P003,19716,19716,19716
2026-04,L-138,P003,19716,19716,19716
2025-05,L-139,P003,30403,30403,30403
2025-06,L-139,P003,31467,31467,31467
2025-07,L-139,P003,31467,31467,31467
2025-08,L-139,P003,31467,31467,31467
2025-09,L-139,P003,31467,31467,31467
2025-10,L-139,P003,31467,31467,31467
2025-11,L-139,P003,31467,31467,31467
2025-12,L-139,P003,31467,31467,31467
2026-01,L-139,P003,31467,31467,31467
2026-02,L-139,P003,31467,31467,31467
2026-03,L-139,P003,31467,31467,31467
2026-04,L-139,P003,31467,31467,31467
2025-05,L-140,P003,21300,21300,21300
2025-06,L-140,P003,21300,21300,21300
2025-07,L-140,P003,21300,21300,21300
2025-08,L-140,P003,21300,21300,21300
2025-09,L-140,P003,21300,21300,21300
2025-10,L-140,P003,21832,21832,21832
2025-11,L-140,P003,21832,21832,21832
2025-12,L-140,P003,21832,21832,21832
2026-01,L-140,P003,21832,21832,21832
2026-02,L-140,P003,21832,21832,21832
2026-03,L-140,P003,21832,21832,21832
2026-04,L-140,P003,21832,21832,21832
2025-05,L-141,P003,24896,24896,24896
2025-06,L-141,P003,24896,24896,24896
2025-07,L-141,P003,24896,24896,24896
2025-08,L-141,P003,24896,24896,24896
2025-09,L-141,P003,24896,24896,24896
2025-10,L-141,P003,24896,24896,24896
2025-11,L-141,P003,24896,24896,24896
2025-12,L-141,P003,24896,24896,24896
2026-01,L-141,P003,24896,24896,24896
2026-02,L-141,P003,25767,25767,25767
2026-03,L-141,P003,25767,25767,25767
2026-04,L-141,P003,25767,25767,25767
2025-05,L-142,P003,19693,19693,19693
2025-06,L-142,P003,19693,19693,19693
2025-07,L-142,P003,19693,19693,19693
2025-08,L-142,P003,19693,19693,19693
2025-09,L-142,P003,20186,20186,20186
2025-10,L-142,P003,20186,20186,20186
2025-11,L-142,P003,20186,20186,20186
2025-12,L-142,P003,20186,20186,20186
2026-01,L-142,P003,20186,20186,20186
2026-02,L-142,P003,20186,20186,20186
2026-03,L-142,P003,20186,20186,20186
2026-04,L-142,P003,20186,20186,20186
2025-05,L-401,P004,19096,19096,19096
2025-06,L-401,P004,19096,19096,19096
2025-07,L-401,P004,19096,19096,19096
2025-08,L-401,P004,19096,19096,19096
2025-09,L-401,P004,19096,19096,19096
2025-10,L-401,P004,19096,19096,19096
2025-11,L-401,P004,19096,19096,19096
2025-12,L-401,P004,19096,19096,19096
2026-01,L-401,P004,19669,19096,19096
2026-02,L-401,P004,19669,19096,19096
2026-03,L-401,P004,19669,19096,19096
2026-04,L-401,P004,19669,19096,19096
2025-05,L-144,P004,59104,59104,59104
2025-06,L-144,P004,59104,59104,59104
2025-07,L-144,P004,59104,59104,59104
2025-08,L-144,P004,59104,59104,59104
2025-09,L-144,P004,59104,59104,59104
2025-10,L-144,P004,59104,59104,59104
2025-11,L-144,P004,59104,59104,59104
2025-12,L-144,P004,59104,59104,59104
2026-01,L-144,P004,59104,59104,59104
2026-02,L-144,P004,59104,59104,59104
2026-03,L-144,P004,61172,61172,61172
2026-04,L-144,P004,61172,61172,61172
2025-05,L-145,P004,67653,67653,67653
2025-06,L-145,P004,67653,67653,67653
2025-07,L-145,P004,67653,67653,67653
2025-08,L-145,P004,67653,67653,67653
2025-09,L-145,P004,67653,67653,67653
2025-10,L-145,P004,67653,67653,67653
2025-11,L-145,P004,67653,67653,67653
2025-12,L-145,P004,67653,67653,67653
2026-01,L-145,P004,70359,70359,70359
2026-02,L-145,P004,70359,70359,70359
2026-03,L-145,P004,70359,70359,70359
2026-04,L-145,P004,70359,70359,70359
2025-05,L-146,P004,71957,71957,71957
2025-06,L-146,P004,71957,71957,71957
2025-07,L-146,P004,71957,71957,71957
2025-08,L-146,P004,71957,71957,71957
2025-09,L-146,P004,71957,71957,71957
2025-10,L-146,P004,71957,71957,71957
2025-11,L-146,P004,71957,71957,71957
2025-12,L-146,P004,71957,71957,71957
2026-01,L-146,P004,74476,74476,74476
2026-02,L-146,P004,74476,74476,74476
2026-03,L-146,P004,74476,74476,74476
2026-04,L-146,P004,74476,74476,74476
2025-05,L-147,P004,77763,77763,77763
2025-06,L-147,P004,77763,77763,77763
2025-07,L-147,P004,77763,77763,77763
2025-08,L-147,P004,77763,77763,77763
2025-09,L-147,P004,77763,77763,77763
2025-10,L-147,P004,77763,77763,77763
2025-11,L-147,P004,77763,77763,77763
2025-12,L-147,P004,77763,77763,77763
2026-01,L-147,P004,77763,77763,77763
2026-02,L-147,P004,77763,77763,77763
2026-03,L-147,P004,80096,80096,80096
2026-04,L-147,P004,80096,80096,80096
2025-05,L-501,P005,22660,22660,22660
2025-06,L-501,P005,22660,22660,22660
2025-07,L-501,P005,22660,22660,22660
2025-08,L-501,P005,22660,22660,22660
2025-09,L-501,P005,22660,22660,22660
2025-10,L-501,P005,22660,22660,22660
2025-11,L-501,P005,22660,22660,22660
2025-12,L-501,P005,22660,22660,22660
2026-01,L-501,P005,22660,22660,22660
2026-02,L-501,P005,23340,23340,0
2026-03,L-501,P005,23340,23340,0
2026-04,L-501,P005,23340,23340,0
2025-05,L-502,P005,31143,31143,31143
2025-06,L-502,P005,31143,31143,31143
2025-07,L-502,P005,31143,31143,31143
2025-08,L-502,P005,31143,31143,31143
2025-09,L-502,P005,31143,31143,31143
2025-10,L-502,P005,31143,31143,31143
2025-11,L-502,P005,31143,31143,31143
2025-12,L-502,P005,31143,31143,31143
2026-01,L-502,P005,31143,31143,31143
2026-02,L-502,P005,31143,31143,31143
2026-03,L-502,P005,31143,31143,31143
2026-04,L-502,P005,31143,31143,31143
2025-05,L-150,P005,45028,45028,45028
2025-06,L-150,P005,45028,45028,45028
2025-07,L-150,P005,45028,45028,45028
2025-08,L-150,P005,45028,45028,45028
2025-09,L-150,P005,45028,45028,45028
2025-10,L-150,P005,46154,46154,46154
2025-11,L-150,P005,46154,46154,46154
2025-12,L-150,P005,46154,46154,46154
2026-01,L-150,P005,46154,46154,46154
2026-02,L-150,P005,46154,46154,46154
2026-03,L-150,P005,46154,46154,46154
2026-04,L-150,P005,46154,46154,46154
2025-05,L-151,P005,51451,51451,51451
2025-06,L-151,P005,51451,51451,51451
2025-07,L-151,P005,51451,51451,51451
2025-08,L-151,P005,51451,51451,51451
2025-09,L-151,P005,51451,51451,51451
2025-10,L-151,P005,51451,51451,51451
2025-11,L-151,P005,51451,51451,51451
2025-12,L-151,P005,51451,51451,51451
2026-01,L-151,P005,51451,51451,51451
2026-02,L-151,P005,51451,51451,51451
2026-03,L-151,P005,51451,51451,51451
2026-04,L-151,P005,51451,51451,51451
2025-05,L-152,P005,51914,51914,51914
2025-06,L-152,P005,51914,51914,51914
2025-07,L-152,P005,51914,51914,51914
2025-08,L-152,P005,51914,51914,51914
2025-09,L-152,P005,51914,51914,51914
2025-10,L-152,P005,51914,51914,51914
2025-11,L-152,P005,51914,51914,51914
2025-12,L-152,P005,51914,51914,51914
2026-01,L-152,P005,53212,53212,53212
2026-02,L-152,P005,53212,53212,53212
2026-03,L-152,P005,53212,53212,53212
2026-04,L-152,P005,53212,53212,53212
2025-10,L-153,P005,38669,38669,38669
2025-11,L-153,P005,38669,38669,38669
2025-12,L-153,P005,38669,38669,38669
2026-01,L-153,P005,38669,38669,38669
2026-02,L-153,P005,38669,38669,38669
2026-03,L-153,P005,38669,38669,38669
2026-04,L-153,P005,38669,38669,38669
2025-06,L-154,P005,51179,51179,51179
2025-07,L-154,P005,51179,51179,51179
2025-08,L-154,P005,51179,51179,51179
2025-09,L-154,P005,51179,51179,51179
2025-10,L-154,P005,51179,51179,51179
2025-11,L-154,P005,51179,51179,51179
2025-12,L-154,P005,51179,51179,51179
2026-01,L-154,P005,51179,51179,51179
2026-02,L-154,P005,51179,51179,51179
2026-03,L-154,P005,51179,51179,51179
2026-04,L-154,P005,51179,51179,51179
2025-05,L-155,P005,48473,48473,48473
2025-06,L-155,P005,48473,48473,48473
2025-07,L-155,P005,49685,49685,49685
2025-08,L-155,P005,49685,49685,49685
2025-09,L-155,P005,49685,49685,49685
2025-10,L-155,P005,49685,49685,49685
2025-11,L-155,P005,49685,49685,49685
2025-12,L-155,P005,49685,49685,49685
2026-01,L-155,P005,49685,49685,49685
2026-02,L-155,P005,49685,49685,49685
2026-03,L-155,P005,49685,49685,49685
2026-04,L-155,P005,49685,49685,49685
2025-05,L-156,P005,44109,44109,44109
2025-06,L-156,P005,44109,44109,44109
2025-07,L-156,P005,44109,44109,44109
2025-08,L-156,P005,44109,44109,44109
2025-09,L-156,P005,44109,44109,44109
2025-10,L-156,P005,45873,45873,45873
2025-11,L-156,P005,45873,45873,45873
2025-12,L-156,P005,45873,45873,45873
2026-01,L-156,P005,45873,45873,45873
2026-02,L-156,P005,45873,45873,45873
2026-03,L-156,P005,45873,45873,45873
2026-04,L-156,P005,45873,45873,45873
2025-05,L-157,P005,47530,47530,47530
2025-06,L-157,P005,47530,47530,47530
2025-07,L-157,P005,47530,47530,47530
2025-08,L-157,P005,47530,47530,47530
2025-09,L-157,P005,47530,47530,47530
2025-10,L-157,P005,47530,47530,47530
2025-11,L-157,P005,47530,47530,47530
2025-12,L-157,P005,47530,47530,47530
2026-01,L-157,P005,47530,47530,47530
2026-02,L-157,P005,49194,49194,49194
2026-03,L-157,P005,49194,49194,49194
2026-04,L-157,P005,49194,49194,49194
2025-08,L-158,P005,60151,60151,60151
2025-09,L-158,P005,60151,60151,60151
2025-10,L-158,P005,60151,60151,60151
2025-11,L-158,P005,60151,60151,60151
2025-12,L-158,P005,60151,60151,60151
2026-01,L-158,P005,60151,60151,60151
2026-02,L-158,P005,60151,60151,60151
2026-03,L-158,P005,60151,60151,60151
2026-04,L-158,P005,60151,60151,60151
2025-05,L-159,P005,41328,41328,41328
2025-06,L-159,P005,41328,41328,41328
2025-07,L-159,P005,41328,41328,41328
2025-08,L-159,P005,41328,41328,41328
2025-09,L-159,P005,41328,41328,41328
2025-10,L-159,P005,41328,41328,41328
2025-11,L-159,P005,41328,41328,41328
2025-12,L-159,P005,41328,41328,41328
2026-01,L-159,P005,42981,42981,42981
2026-02,L-159,P005,42981,42981,42981
2026-03,L-159,P005,42981,42981,42981
2026-04,L-159,P005,42981,42981,42981
2025-05,L-160,P005,52872,52872,52872
2025-06,L-160,P005,52872,52872,52872
2025-07,L-160,P005,52872,52872,52872
2025-08,L-160,P005,52872,52872,52872
2025-09,L-160,P005,52872,52872,52872
2025-10,L-160,P005,52872,52872,52872
2025-11,L-160,P005,52872,52872,52872
2025-12,L-160,P005,52872,52872,52872
2026-01,L-160,P005,54458,54458,54458
2026-02,L-160,P005,54458,54458,54458
2026-03,L-160,P005,54458,54458,54458
2026-04,L-160,P005,54458,54458,54458
2025-05,L-161,P005,30233,30233,30233
2025-06,L-161,P005,30233,30233,30233
2025-07,L-161,P005,30233,30233,30233
2025-08,L-161,P005,30233,30233,30233
2025-09,L-161,P005,30233,30233,30233
2025-10,L-161,P005,30233,30233,30233
2025-11,L-161,P005,30233,30233,30233
2025-12,L-161,P005,30233,30233,30233
2026-01,L-161,P005,30233,30233,30233
2026-02,L-161,P005,30989,30989,30989
2026-03,L-161,P005,30989,30989,30989
2026-04,L-161,P005,30989,30989,30989
2025-05,L-162,P005,49619,49619,49619
2025-06,L-162,P005,49619,49619,49619
2025-07,L-162,P005,49619,49619,49619
2025-08,L-162,P005,49619,49619,49619
2025-09,L-162,P005,49619,49619,49619
2025-10,L-162,P005,49619,49619,49619
2025-11,L-162,P005,50860,50860,50860
2025-12,L-162,P005,50860,50860,50860
2026-01,L-162,P005,50860,50860,50860
2026-02,L-162,P005,50860,50860,50860
2026-03,L-162,P005,50860,50860,50860
2026-04,L-162,P005,50860,50860,50860
2025-05,L-163,P006,15586,15586,15586
2025-06,L-163,P006,15586,15586,15586
2025-07,L-163,P006,15586,15586,15586
2025-08,L-163,P006,15586,15586,15586
2025-09,L-163,P006,15586,15586,15586
2025-10,L-163,P006,15586,15586,15586
2025-11,L-163,P006,15586,15586,15586
2025-12,L-163,P006,15586,15586,15586
2026-01,L-163,P006,16209,16209,16209
2026-02,L-163,P006,16209,16209,16209
2026-03,L-163,P006,16209,16209,16209
2026-04,L-163,P006,16209,16209,16209
2025-09,L-164,P006,26481,26481,26481
2025-10,L-164,P006,26481,26481,26481
2025-11,L-164,P006,26481,26481,26481
2025-12,L-164,P006,26481,26481,26481
2026-01,L-164,P006,26481,26481,26481
2026-02,L-164,P006,26481,26481,26481
2026-03,L-164,P006,26481,26481,26481
2026-04,L-164,P006,26481,26481,26481
2025-05,L-165,P006,17233,17233,17233
2025-06,L-165,P006,17233,17233,17233
2025-07,L-165,P006,17233,17233,17233
2025-08,L-165,P006,17233,17233,17233
2025-09,L-165,P006,17233,17233,17233
2025-10,L-165,P006,17664,17664,17664
2025-11,L-165,P006,17664,17664,17664
2025-12,L-165,P006,17664,17664,17664
2026-01,L-165,P006,17664,17664,17664
2026-02,L-165,P006,17664,17664,17664
2026-03,L-165,P006,17664,17664,17664
2026-04,L-165,P006,17664,17664,17664
2025-08,L-166,P006,25098,25098,25098
2025-09,L-166,P006,25098,25098,25098
2025-10,L-166,P006,25098,25098,25098
2025-11,L-166,P006,25098,25098,25098
2025-12,L-166,P006,25098,25098,25098
2026-01,L-166,P006,25098,25098,25098
2026-02,L-166,P006,25098,25098,25098
2026-03,L-166,P006,25098,25098,25098
2026-04,L-166,P006,25098,25098,25098
2025-05,L-167,P006,19413,19413,19413
2025-06,L-167,P006,19413,19413,19413
2025-07,L-167,P006,19413,19413,19413
2025-08,L-167,P006,20190,20190,20190
2025-09,L-167,P006,20190,20190,20190
2025-10,L-167,P006,20190,20190,20190
2025-11,L-167,P006,20190,20190,20190
2025-12,L-167,P006,20190,20190,20190
2026-01,L-167,P006,20190,20190,20190
2026-02,L-167,P006,20190,20190,20190
2026-03,L-167,P006,20190,20190,20190
2026-04,L-167,P006,20190,20190,20190
2025-05,L-168,P006,22121,22121,22121
2025-06,L-168,P006,22121,22121,22121
2025-07,L-168,P006,22121,22121,22121
2025-08,L-168,P006,22121,22121,22121
2025-09,L-168,P006,22121,22121,22121
2025-10,L-168,P006,22895,22895,22895
2025-11,L-168,P006,22895,22895,22895
2025-12,L-168,P006,22895,22895,22895
2026-01,L-168,P006,22895,22895,22895
2026-02,L-168,P006,22895,22895,22895
2026-03,L-168,P006,22895,22895,22895
2026-04,L-168,P006,22895,22895,22895
2025-05,L-169,P006,25163,25163,25163
2025-06,L-169,P006,25163,25163,25163
2025-07,L-169,P006,25163,25163,25163
2025-08,L-169,P006,25918,25918,25918
2025-09,L-169,P006,25918,25918,25918
2025-10,L-169,P006,25918,25918,25918
2025-11,L-169,P006,25918,25918,25918
2025-12,L-169,P006,25918,25918,25918
2026-01,L-169,P006,25918,25918,25918
2026-02,L-169,P006,25918,25918,25918
2026-03,L-169,P006,25918,25918,25918
2026-04,L-169,P006,25918,25918,25918
2025-05,L-170,P006,29798,29798,29798
2025-06,L-170,P006,29798,29798,29798
2025-07,L-170,P006,29798,29798,29798
2025-08,L-170,P006,29798,29798,29798
2025-09,L-170,P006,29798,29798,29798
2025-10,L-170,P006,29798,29798,29798
2025-11,L-170,P006,29798,29798,29798
2025-12,L-170,P006,29798,29798,29798
2026-01,L-170,P006,30990,30990,30990
2026-02,L-170,P006,30990,30990,30990
2026-03,L-170,P006,30990,30990,30990
2026-04,L-170,P006,30990,30990,30990
2025-05,L-701,P007,50393,50393,50393
2025-06,L-701,P007,50393,50393,50393
2025-07,L-701,P007,50393,50393,50393
2025-08,L-701,P007,50393,50393,50393
2025-09,L-701,P007,50393,50393,50393
2025-10,L-701,P007,50393,50393,50393
2025-11,L-701,P007,50393,50393,50393
2025-12,L-701,P007,50393,50393,50393
2026-01,L-701,P007,50393,50393,50393
2026-02,L-701,P007,50393,50393,50393
2026-03,L-701,P007,51905,51905,51905
2026-04,L-701,P007,51905,51905,51905
2025-05,L-172,P007,113355,113355,113355
2025-06,L-172,P007,113355,113355,113355
2025-07,L-172,P007,113355,113355,113355
2025-08,L-172,P007,113355,113355,113355
2025-09,L-172,P007,113355,113355,113355
2025-10,L-172,P007,113355,113355,113355
2025-11,L-172,P007,113355,113355,113355
2025-12,L-172,P007,113355,113355,113355
2026-01,L-172,P007,113355,113355,113355
2026-02,L-172,P007,113355,113355,113355
2026-03,L-172,P007,113355,113355,113355
2026-04,L-172,P007,113355,113355,113355
2025-05,L-173,P007,105480,105480,105480
2025-06,L-173,P007,105480,105480,105480
2025-07,L-173,P007,109172,109172,109172
2025-08,L-173,P007,109172,109172,109172
2025-09,L-173,P007,109172,109172,109172
2025-10,L-173,P007,109172,109172,109172
2025-11,L-173,P007,109172,109172,109172
2025-12,L-173,P007,109172,109172,109172
2026-01,L-173,P007,109172,109172,109172
2026-02,L-173,P007,109172,109172,109172
2026-03,L-173,P007,109172,109172,109172
2026-04,L-173,P007,109172,109172,109172
2025-05,L-174,P007,117886,117886,117886
2025-06,L-174,P007,117886,117886,117886
2025-07,L-174,P007,117886,117886,117886
2025-08,L-174,P007,117886,117886,117886
2025-09,L-174,P007,117886,117886,117886
2025-10,L-174,P007,117886,117886,117886
2025-11,L-174,P007,117886,117886,117886
2025-12,L-174,P007,121422,121422,121422
2026-01,L-174,P007,121422,121422,121422
2026-02,L-174,P007,121422,121422,121422
2026-03,L-174,P007,121422,121422,121422
2026-04,L-174,P007,121422,121422,121422
2025-05,L-175,P008,37503,37503,37503
2025-06,L-175,P008,37503,37503,37503
2025-07,L-175,P008,37503,37503,37503
2025-08,L-175,P008,37503,37503,37503
2025-09,L-175,P008,37503,37503,37503
2025-10,L-175,P008,37503,37503,37503
2025-11,L-175,P008,37503,37503,37503
2025-12,L-175,P008,38628,38628,38628
2026-01,L-175,P008,38628,38628,38628
2026-02,L-175,P008,38628,38628,38628
2026-03,L-175,P008,38628,38628,38628
2026-04,L-175,P008,38628,38628,38628
2025-05,L-176,P008,46560,46560,46560
2025-06,L-176,P008,46560,46560,46560
2025-07,L-176,P008,46560,46560,46560
2025-08,L-176,P008,46560,46560,46560
2025-09,L-176,P008,46560,46560,46560
2025-10,L-176,P008,46560,46560,46560
2025-11,L-176,P008,46560,46560,46560
2025-12,L-176,P008,46560,46560,46560
2026-01,L-176,P008,48422,48422,48422
2026-02,L-176,P008,48422,48422,48422
2026-03,L-176,P008,48422,48422,48422
2026-04,L-176,P008,48422,48422,48422
2025-05,L-177,P008,50218,50218,50218
2025-06,L-177,P008,50218,50218,50218
2025-07,L-177,P008,50218,50218,50218
2025-08,L-177,P008,50218,50218,50218
2025-09,L-177,P008,50218,50218,50218
2025-10,L-177,P008,50218,50218,50218
2025-11,L-177,P008,50218,50218,50218
2025-12,L-177,P008,50218,50218,50218
2026-01,L-177,P008,50218,50218,50218
2026-02,L-177,P008,51976,51976,51976
2026-03,L-177,P008,51976,51976,51976
2026-04,L-177,P008,51976,51976,51976
2025-05,L-178,P008,31576,31576,31576
2025-06,L-178,P008,31576,31576,31576
2025-07,L-178,P008,31576,31576,31576
2025-08,L-178,P008,31576,31576,31576
2025-09,L-178,P008,31576,31576,31576
2025-10,L-178,P008,31576,31576,31576
2025-11,L-178,P008,31576,31576,31576
2025-12,L-178,P008,31576,31576,31576
2026-01,L-178,P008,31576,31576,31576
2026-02,L-178,P008,32523,32523,32523
2026-03,L-178,P008,32523,32523,32523
2026-04,L-178,P008,32523,32523,32523
2025-05,L-179,P008,53969,53969,53969
2025-06,L-179,P008,53969,53969,53969
2025-07,L-179,P008,56127,56127,56127
2025-08,L-179,P008,56127,56127,56127
2025-09,L-179,P008,56127,56127,56127
2025-10,L-179,P008,56127,56127,56127
2025-11,L-179,P008,56127,56127,56127
2025-12,L-179,P008,56127,56127,56127
2026-01,L-179,P008,56127,56127,56127
2026-02,L-179,P008,56127,56127,56127
2026-03,L-179,P008,56127,56127,56127
2026-04,L-179,P008,56127,56127,56127
2025-05,L-180,P008,51848,51848,51848
2025-06,L-180,P008,51848,51848,51848
2025-07,L-180,P008,51848,51848,51848
2025-08,L-180,P008,51848,51848,51848
2025-09,L-180,P008,51848,51848,51848
2025-10,L-180,P008,51848,51848,51848
2025-11,L-180,P008,51848,51848,51848
2025-12,L-180,P008,51848,51848,51848
2026-01,L-180,P008,51848,51848,51848
2026-02,L-180,P008,51848,51848,51848
2026-03,L-180,P008,51848,51848,51848
2026-04,L-180,P008,53404,53404,53404
2025-05,L-181,P008,46927,46927,46927
2025-06,L-181,P008,46927,46927,46927
2025-07,L-181,P008,46927,46927,46927
2025-08,L-181,P008,46927,46927,46927
2025-09,L-181,P008,46927,46927,46927
2025-10,L-181,P008,46927,46927,46927
2025-11,L-181,P008,46927,46927,46927
2025-12,L-181,P008,46927,46927,46927
2026-01,L-181,P008,48804,48804,48804
2026-02,L-181,P008,48804,48804,48804
2026-03,L-181,P008,48804,48804,48804
2026-04,L-181,P008,48804,48804,48804
2025-05,L-182,P008,31125,31125,31125
2025-06,L-182,P008,31125,31125,31125
2025-07,L-182,P008,31125,31125,31125
2025-08,L-182,P008,31125,31125,31125
2025-09,L-182,P008,31125,31125,31125
2025-10,L-182,P008,31125,31125,31125
2025-11,L-182,P008,31125,31125,31125
2025-12,L-182,P008,31125,31125,31125
2026-01,L-182,P008,31125,31125,31125
2026-02,L-182,P008,31125,31125,31125
2026-03,L-182,P008,31125,31125,31125
2026-04,L-182,P008,31125,31125,31125
2025-05,L-183,P009,23781,23781,23781
2025-06,L-183,P009,23781,23781,23781
2025-07,L-183,P009,23781,23781,23781
2025-08,L-183,P009,23781,23781,23781
2025-09,L-183,P009,23781,23781,23781
2025-10,L-183,P009,23781,23781,23781
2025-11,L-183,P009,23781,23781,23781
2025-12,L-183,P009,23781,23781,23781
2026-01,L-183,P009,23781,23781,23781
2026-02,L-183,P009,23781,23781,23781
2026-03,L-183,P009,23781,23781,23781
2026-04,L-183,P009,23781,23781,23781
2025-05,L-184,P009,30616,30616,30616
2025-06,L-184,P009,30616,30616,30616
2025-07,L-184,P009,30616,30616,30616
2025-08,L-184,P009,30616,30616,30616
2025-09,L-184,P009,30616,30616,30616
2025-10,L-184,P009,30616,30616,30616
2025-11,L-184,P009,30616,30616,30616
2025-12,L-184,P009,30616,30616,30616
2026-01,L-184,P009,30616,30616,30616
2026-02,L-184,P009,31687,31687,31687
2026-03,L-184,P009,31687,31687,31687
2026-04,L-184,P009,31687,31687,31687
2025-05,L-185,P009,18981,18981,18981
2025-06,L-185,P009,18981,18981,18981
2025-07,L-185,P009,18981,18981,18981
2025-08,L-185,P009,18981,18981,18981
2025-09,L-185,P009,18981,18981,18981
2025-10,L-185,P009,18981,18981,18981
2025-11,L-185,P009,18981,18981,18981
2025-12,L-185,P009,18981,18981,18981
2026-01,L-185,P009,19645,19645,19645
2026-02,L-185,P009,19645,19645,19645
2026-03,L-185,P009,19645,19645,19645
2026-04,L-185,P009,19645,19645,19645
2025-05,L-186,P009,17620,17620,17620
2025-06,L-186,P009,17620,17620,17620
2025-07,L-186,P009,17620,17620,17620
2025-08,L-186,P009,17620,17620,17620
2025-09,L-186,P009,17620,17620,17620
2025-10,L-186,P009,17620,17620,17620
2025-11,L-186,P009,17620,17620,17620
2025-12,L-186,P009,17620,17620,17620
2026-01,L-186,P009,17620,17620,17620
2026-02,L-186,P009,17620,17620,17620
2026-03,L-186,P009,17620,17620,17620
2026-04,L-186,P009,18236,18236,18236
2025-05,L-187,P009,21614,21614,21614
2025-06,L-187,P009,21614,21614,21614
2025-07,L-187,P009,22262,22262,22262
2025-08,L-187,P009,22262,22262,22262
2025-09,L-187,P009,22262,22262,22262
2025-10,L-187,P009,22262,22262,22262
2025-11,L-187,P009,22262,22262,22262
2025-12,L-187,P009,22262,22262,22262
2026-01,L-187,P009,22262,22262,22262
2026-02,L-187,P009,22262,22262,22262
2026-03,L-187,P009,22262,22262,22262
2026-04,L-187,P009,22262,22262,22262
2025-05,L-188,P009,24011,24011,24011
2025-06,L-188,P009,24011,24011,24011
2025-07,L-188,P009,24011,24011,24011
2025-08,L-188,P009,24011,24011,24011
2025-09,L-188,P009,24011,24011,24011
2025-10,L-188,P009,24011,24011,24011
2025-11,L-188,P009,24011,24011,24011
2025-12,L-188,P009,24011,24011,24011
2026-01,L-188,P009,24011,24011,24011
2026-02,L-188,P009,24011,24011,24011
2026-03,L-188,P009,24971,24971,24971
2026-04,L-188,P009,24971,24971,24971
2025-05,L-189,P009,16169,16169,16169
2025-06,L-189,P009,16169,16169,16169
2025-07,L-189,P009,16169,16169,16169
2025-08,L-189,P009,16169,16169,16169
2025-09,L-189,P009,16169,16169,16169
2025-10,L-189,P009,16169,16169,16169
2025-11,L-189,P009,16169,16169,16169
2025-12,L-189,P009,16169,16169,16169
2026-01,L-189,P009,16169,16169,16169
2026-02,L-189,P009,16169,16169,16169
2026-03,L-189,P009,16169,16169,16169
2026-04,L-189,P009,16169,16169,16169
2025-05,L-190,P009,22976,22976,22976
2025-06,L-190,P009,23551,23551,23551
2025-07,L-190,P009,23551,23551,23551
2025-08,L-190,P009,23551,23551,23551
2025-09,L-190,P009,23551,23551,23551
2025-10,L-190,P009,23551,23551,23551
2025-11,L-190,P009,23551,23551,23551
2025-12,L-190,P009,23551,23551,23551
2026-01,L-190,P009,23551,23551,23551
2026-02,L-190,P009,23551,23551,23551
2026-03,L-190,P009,23551,23551,23551
2026-04,L-190,P009,23551,23551,23551
2025-05,L-191,P009,16668,16668,16668
2025-06,L-191,P009,16668,16668,16668
2025-07,L-191,P009,16668,16668,16668
2025-08,L-191,P009,16668,16668,16668
2025-09,L-191,P009,16668,16668,16668
2025-10,L-191,P009,16668,16668,16668
2025-11,L-191,P009,16668,16668,16668
2025-12,L-191,P009,16668,16668,16668
2026-01,L-191,P009,16668,16668,16668
2026-02,L-191,P009,17168,17168,17168
2026-03,L-191,P009,17168,17168,17168
2026-04,L-191,P009,17168,17168,17168
2025-05,L-192,P009,30720,30720,30720
2025-06,L-192,P009,31949,31949,31949
2025-07,L-192,P009,31949,31949,31949
2025-08,L-192,P009,31949,31949,31949
2025-09,L-192,P009,31949,31949,31949
2025-10,L-192,P009,31949,31949,31949
2025-11,L-192,P009,31949,31949,31949
2025-12,L-192,P009,31949,31949,31949
2026-01,L-192,P009,31949,31949,31949
2026-02,L-192,P009,31949,31949,31949
2026-03,L-192,P009,31949,31949,31949
2026-04,L-192,P009,31949,31949,31949
2025-05,L-193,P010,13670,13670,13670
2025-06,L-193,P010,13670,13670,13670
2025-07,L-193,P010,13670,13670,13670
2025-08,L-193,P010,13670,13670,13670
2025-09,L-193,P010,13670,13670,13670
2025-10,L-193,P010,13670,13670,13670
2025-11,L-193,P010,13670,13670,13670
2025-12,L-193,P010,13670,13670,13670
2026-01,L-193,P010,13670,13670,13670
2026-02,L-193,P010,13670,13670,13670
2026-03,L-193,P010,13670,13670,13670
2026-04,L-193,P010,13670,13670,13670
2025-05,L-194,P010,34242,34242,34242
2025-06,L-194,P010,34242,34242,34242
2025-07,L-194,P010,34242,34242,34242
2025-08,L-194,P010,34242,34242,34242
2025-09,L-194,P010,34242,34242,34242
2025-10,L-194,P010,34242,34242,34242
2025-11,L-194,P010,34242,34242,34242
2025-12,L-194,P010,34242,34242,34242
2026-01,L-194,P010,34242,34242,34242
2026-02,L-194,P010,35098,35098,35098
2026-03,L-194,P010,35098,35098,35098
2026-04,L-194,P010,35098,35098,35098
2025-05,L-195,P010,35152,35152,35152
2025-06,L-195,P010,35152,35152,35152
2025-07,L-195,P010,35152,35152,35152
2025-08,L-195,P010,35152,35152,35152
2025-09,L-195,P010,36558,36558,36558
2025-10,L-195,P010,36558,36558,36558
2025-11,L-195,P010,36558,36558,36558
2025-12,L-195,P010,36558,36558,36558
2026-01,L-195,P010,36558,36558,36558
2026-02,L-195,P010,36558,36558,36558
2026-03,L-195,P010,36558,36558,36558
2026-04,L-195,P010,36558,36558,36558
2025-05,L-196,P010,28430,28430,28430
2025-06,L-196,P010,28430,28430,28430
2025-07,L-196,P010,28430,28430,28430
2025-08,L-196,P010,28430,28430,28430
2025-09,L-196,P010,28430,28430,28430
2025-10,L-196,P010,28430,28430,28430
2025-11,L-196,P010,28430,28430,28430
2025-12,L-196,P010,28430,28430,28430
2026-01,L-196,P010,28430,28430,28430
2026-02,L-196,P010,28430,28430,28430
2026-03,L-196,P010,28430,28430,28430
2026-04,L-196,P010,29425,29425,29425
2025-05,L-197,P010,18561,18561,18561
2025-06,L-197,P010,18561,18561,18561
2025-07,L-197,P010,18561,18561,18561
2025-08,L-197,P010,18561,18561,18561
2025-09,L-197,P010,18561,18561,18561
2025-10,L-197,P010,18561,18561,18561
2025-11,L-197,P010,18561,18561,18561
2025-12,L-197,P010,19303,19303,19303
2026-01,L-197,P010,19303,19303,19303
2026-02,L-197,P010,19303,19303,19303
2026-03,L-197,P010,19303,19303,19303
2026-04,L-197,P010,19303,19303,19303
2025-05,L-198,P010,16632,16632,16632
2025-06,L-198,P010,16632,16632,16632
2025-07,L-198,P010,16632,16632,16632
2025-08,L-198,P010,16632,16632,16632
2025-09,L-198,P010,16632,16632,16632
2025-10,L-198,P010,16632,16632,16632
2025-11,L-198,P010,16632,16632,16632
2025-12,L-198,P010,16632,16632,16632
2026-01,L-198,P010,16632,16632,16632
2026-02,L-198,P010,16632,16632,16632
2026-03,L-198,P010,17131,17131,17131
2026-04,L-198,P010,17131,17131,17131
2025-05,L-199,P010,17860,17860,17860
2025-06,L-199,P010,17860,17860,17860
2025-07,L-199,P010,17860,17860,17860
2025-08,L-199,P010,17860,17860,17860
2025-09,L-199,P010,17860,17860,17860
2025-10,L-199,P010,17860,17860,17860
2025-11,L-199,P010,18485,18485,18485
2025-12,L-199,P010,18485,18485,18485
2026-01,L-199,P010,18485,18485,18485
2026-02,L-199,P010,18485,18485,18485
2026-03,L-199,P010,18485,18485,18485
2026-04,L-199,P010,18485,18485,18485
2025-05,L-200,P010,31953,31953,31953
2025-06,L-200,P010,31953,31953,31953
2025-07,L-200,P010,31953,31953,31953
2025-08,L-200,P010,31953,31953,31953
2025-09,L-200,P010,31953,31953,31953
2025-10,L-200,P010,31953,31953,31953
2025-11,L-200,P010,32752,32752,32752
2025-12,L-200,P010,32752,32752,32752
2026-01,L-200,P010,32752,32752,32752
2026-02,L-200,P010,32752,32752,32752
2026-03,L-200,P010,32752,32752,32752
2026-04,L-200,P010,32752,32752,32752
2025-05,L-201,P010,30094,30094,30094
2025-06,L-201,P010,30094,30094,30094
2025-07,L-201,P010,30094,30094,30094
2025-08,L-201,P010,30094,30094,30094
2025-09,L-201,P010,30094,30094,30094
2025-10,L-201,P010,30094,30094,30094
2025-11,L-201,P010,31298,31298,31298
2025-12,L-201,P010,31298,31298,31298
2026-01,L-201,P010,31298,31298,31298
2026-02,L-201,P010,31298,31298,31298
2026-03,L-201,P010,31298,31298,31298
2026-04,L-201,P010,31298,31298,31298
2025-05,L-202,P010,16017,16017,16017
2025-06,L-202,P010,16017,16017,16017
2025-07,L-202,P010,16017,16017,16017
2025-08,L-202,P010,16017,16017,16017
2025-09,L-202,P010,16017,16017,16017
2025-10,L-202,P010,16017,16017,16017
2025-11,L-202,P010,16017,16017,16017
2025-12,L-202,P010,16017,16017,16017
2026-01,L-202,P010,16417,16417,16417
2026-02,L-202,P010,16417,16417,16417
2026-03,L-202,P010,16417,16417,16417
2026-04,L-202,P010,16417,16417,16417
2025-05,L-203,P010,22601,22601,22601
2025-06,L-203,P010,22601,22601,22601
2025-07,L-203,P010,22601,22601,22601
2025-08,L-203,P010,22601,22601,22601
2025-09,L-203,P010,22601,22601,22601
2025-10,L-203,P010,22601,22601,22601
2025-11,L-203,P010,22601,22601,22601
2025-12,L-203,P010,22601,22601,22601
2026-01,L-203,P010,22601,22601,22601
2026-02,L-203,P010,22601,22601,22601
2026-03,L-203,P010,23392,23392,23392
2026-04,L-203,P010,23392,23392,23392
2025-05,L-204,P010,16530,16530,16530
2025-06,L-204,P010,17026,17026,17026
2025-07,L-204,P010,17026,17026,17026
2025-08,L-204,P010,17026,17026,17026
2025-09,L-204,P010,17026,17026,17026
2025-10,L-204,P010,17026,17026,17026
2025-11,L-204,P010,17026,17026,17026
2025-12,L-204,P010,17026,17026,17026
2026-01,L-204,P010,17026,17026,17026
2026-02,L-204,P010,17026,17026,17026
2026-03,L-204,P010,17026,17026,17026
2026-04,L-204,P010,17026,17026,17026
2025-05,L-205,P010,26646,26646,26646
2025-06,L-205,P010,26646,26646,26646
2025-07,L-205,P010,26646,26646,26646
2025-08,L-205,P010,26646,26646,26646
2025-09,L-205,P010,26646,26646,26646
2025-10,L-205,P010,26646,26646,26646
2025-11,L-205,P010,26646,26646,26646
2025-12,L-205,P010,26646,26646,26646
2026-01,L-205,P010,26646,26646,26646
2026-02,L-205,P010,26646,26646,26646
2026-03,L-205,P010,27445,27445,27445
2026-04,L-205,P010,27445,27445,27445
2025-05,L-206,P010,22037,22037,22037
2025-06,L-206,P010,22037,22037,22037
2025-07,L-206,P010,22037,22037,22037
2025-08,L-206,P010,22037,22037,22037
2025-09,L-206,P010,22698,22698,22698
2025-10,L-206,P010,22698,22698,22698
2025-11,L-206,P010,22698,22698,22698
2025-12,L-206,P010,22698,22698,22698
2026-01,L-206,P010,22698,22698,22698
2026-02,L-206,P010,22698,22698,22698
2026-03,L-206,P010,22698,22698,22698
2026-04,L-206,P010,22698,22698,22698
2025-05,L-207,P010,34635,34635,34635
2025-06,L-207,P010,34635,34635,34635
2025-07,L-207,P010,34635,34635,34635
2025-08,L-207,P010,34635,34635,34635
2025-09,L-207,P010,34635,34635,34635
2025-10,L-207,P010,35847,35847,35847
2025-11,L-207,P010,35847,35847,35847
2025-12,L-207,P010,35847,35847,35847
2026-01,L-207,P010,35847,35847,35847
2026-02,L-207,P010,35847,35847,35847
2026-03,L-207,P010,35847,35847,35847
2026-04,L-207,P010,35847,35847,35847
2025-05,L-208,P010,29008,29008,29008
2025-06,L-208,P010,29008,29008,29008
2025-07,L-208,P010,29008,29008,29008
2025-08,L-208,P010,29008,29008,29008
2025-09,L-208,P010,29008,29008,29008
2025-10,L-208,P010,29008,29008,29008
2025-11,L-208,P010,29008,29008,29008
2025-12,L-208,P010,29008,29008,29008
2026-01,L-208,P010,29008,29008,29008
2026-02,L-208,P010,29008,29008,29008
2026-03,L-208,P010,29008,29008,29008
2026-04,L-208,P010,30168,30168,30168
2025-08,L-209,P010,14902,14902,14902
2025-09,L-209,P010,14902,14902,14902
2025-10,L-209,P010,14902,14902,14902
2025-11,L-209,P010,14902,14902,14902
2025-12,L-209,P010,14902,14902,14902
2026-01,L-209,P010,14902,14902,14902
2026-02,L-209,P010,14902,14902,14902
2026-03,L-209,P010,14902,14902,14902
2026-04,L-209,P010,14902,14902,14902
2025-05,L-210,P010,32103,32103,32103
2025-06,L-210,P010,32103,32103,32103
2025-07,L-210,P010,32103,32103,32103
2025-08,L-210,P010,32103,32103,32103
2025-09,L-210,P010,32103,32103,32103
2025-10,L-210,P010,32103,32103,32103
2025-11,L-210,P010,32103,32103,32103
2025-12,L-210,P010,32103,32103,32103
2026-01,L-210,P010,32103,32103,32103
2026-02,L-210,P010,32103,32103,32103
2026-03,L-210,P010,33066,33066,33066
2026-04,L-210,P010,33066,33066,33066
2025-05,L-211,P010,13742,13742,13742
2025-06,L-211,P010,13742,13742,13742
2025-07,L-211,P010,13742,13742,13742
2025-08,L-211,P010,13742,13742,13742
2025-09,L-211,P010,14223,14223,14223
2025-10,L-211,P010,14223,14223,14223
2025-11,L-211,P010,14223,14223,14223
2025-12,L-211,P010,14223,14223,14223
2026-01,L-211,P010,14223,14223,14223
2026-02,L-211,P010,14223,14223,14223
2026-03,L-211,P010,14223,14223,14223
2026-04,L-211,P010,14223,14223,14223
2025-05,L-212,P010,15536,15536,15536
2025-06,L-212,P010,15536,15536,15536
2025-07,L-212,P010,15536,15536,15536
2025-08,L-212,P010,15536,15536,15536
2025-09,L-212,P010,15536,15536,15536
2025-10,L-212,P010,15536,15536,15536
2025-11,L-212,P010,15536,15536,15536
2025-12,L-212,P010,15536,15536,15536
2026-01,L-212,P010,15536,15536,15536
2026-02,L-212,P010,15536,15536,15536
2026-03,L-212,P010,15536,15536,15536
2026-04,L-212,P010,16157,16157,16157
